<?xml version='1.0' standalone='yes'?>
<extension>
	<name>PLUGIN_MUSICINFO</name>
	<creator>Michael Herger</creator>
	<defaultState>enabled</defaultState>
	<description>PLUGIN_MUSICINFO_DESC</description>
	<email>slim@herger.net</email>
	<homepageURL>http://www.herger.net/MusicInfoSCR</homepageURL>
	<id>539D202A-6D61-1014-AA3F-FD1FF7503B1F</id>
	<module>Plugins::MusicInfoSCR::Plugin</module>
	<type>2</type><!-- type=extension -->
	<targetApplication>
		<id>SlimServer</id>
		<maxVersion>*</maxVersion>
		<minVersion>7.0a</minVersion>
	</targetApplication>
	<version>4.4.13</version>
</extension>
